Source,ID,Question,Answer
ChatGPT GPT4o,1,How can I reduce my tax bill?,"To lower your tax liability, consider maximizing deductions and credits, contributing to retirement accounts, and utilizing tax-efficient investments. Consult a tax professional for personalized strategies."
ChatGPT GPT4o,2,What deductions am I eligible for?,"Eligibility for deductions varies based on individual circumstances. Common deductions include mortgage interest, state and local taxes, charitable contributions, and medical expenses exceeding a certain threshold."
ChatGPT GPT4o,3,What's the difference between marginal and effective tax rates?,"The marginal tax rate is the rate applied to your next dollar of income, while the effective tax rate is the average rate you pay on your total taxable income."
ChatGPT GPT4o,4,Which is better: a tax credit or a tax deduction?,"A tax credit directly reduces your tax liability dollar-for-dollar, whereas a deduction lowers your taxable income. Generally, credits are more beneficial."
ChatGPT GPT4o,5,Can I deduct medical expenses?,"Yes, you can deduct unreimbursed medical expenses that exceed 7.5% of your adjusted gross income, provided you itemize your deductions."
ChatGPT GPT4o,6,Should I itemize deductions or take the standard deduction?,"You should itemize if your allowable deductions exceed the standard deduction for your filing status. Otherwise, the standard deduction may be more beneficial."
ChatGPT GPT4o,7,How do tax brackets work?,The U.S. tax system is progressive; income is taxed at increasing rates as it moves into higher brackets. Each bracket applies to a specific range of income.
ChatGPT GPT4o,8,What is the Earned Income Tax Credit (EITC) and how do I claim it?,"The EITC is a refundable credit for low to moderate-income earners. Eligibility depends on income and number of qualifying children. To claim, file a tax return even if you owe no tax."
ChatGPT GPT4o,9,Are unemployment benefits taxable?,"Yes, unemployment benefits are generally considered taxable income at the federal level and may also be taxable at the state level."
ChatGPT GPT4o,10,How are my investment gains taxed?,"Short-term capital gains (on assets held less than a year) are taxed as ordinary income, while long-term gains benefit from lower tax rates."
ChatGPT GPT4o,11,Do I pay taxes on investments if I don't sell them?,"Generally, you pay taxes on dividends and interest earned, even if you don't sell the investment. Capital gains taxes apply only upon sale."
ChatGPT GPT4o,12,What income is taxable?,"Taxable income includes wages, salaries, bonuses, interest, dividends, rental income, and other earnings. Some income, like certain Social Security benefits, may be partially taxable."
ChatGPT GPT4o,13,When are taxes due?,"Federal income tax returns are typically due on April 15. If this date falls on a weekend or holiday, the deadline is the next business day."
ChatGPT GPT4o,14,What happens if I don't file my taxes?,"Failure to file can result in penalties, interest on unpaid taxes, and potential legal action. It's advisable to file even if you can't pay immediately."
ChatGPT GPT4o,15,How do I notify the IRS of an address change?,"You can inform the IRS by filing Form 8822, using your new address on your tax return, or sending a signed written statement to the address where you filed your last return."
ChatGPT GPT4o,16,Can I claim my boyfriend/girlfriend as a dependent?,"Possibly, if they meet the criteria for a qualifying relative, including residency, income limits, and you providing over half of their support."
ChatGPT GPT4o,17,Are moving expenses tax-deductible?,"As of the Tax Cuts and Jobs Act of 2017, moving expenses are generally not deductible, except for active-duty military members moving due to a military order."
ChatGPT GPT4o,18,How do I check the status of my tax refund?,"You can check your refund status using the ""Where's My Refund?"" tool on the IRS website or via the IRS2Go mobile app."
ChatGPT GPT4o,19,What is the Alternative Minimum Tax (AMT)?,"The AMT is a parallel tax system ensuring that high-income individuals pay a minimum amount of tax, disallowing certain deductions and credits."
ChatGPT GPT4o,20,How long should I keep tax records?,"It's recommended to keep tax records for at least three years from the date you filed your return or two years from the date you paid the tax, whichever is later."
"ChatGPT o3-mini-high",21,What is the difference between tax avoidance and tax evasion?,"Tax avoidance is the legal use of tax laws, deductions, credits, and strategies to minimize tax liability. Tax evasion, on the other hand, is the illegal act of misrepresenting or concealing information to reduce taxes owed."
"ChatGPT o3-mini-high",22,How does the Alternative Minimum Tax (AMT) work for high-income taxpayers?,"The AMT is a parallel tax system designed to ensure that high-income taxpayers pay a minimum tax. It limits or disallows many deductions and credits available under the regular tax system, requiring taxpayers to calculate their liability under both methods and pay the higher amount."
"ChatGPT o3-mini-high",23,How do tax treaties mitigate double taxation on international income?,"Tax treaties are agreements between countries that allocate taxing rights on cross-border income. They help prevent the same income from being taxed twice by providing methods such as tax credits, exemptions, or reduced withholding rates on dividends, interest, and royalties."
"ChatGPT o3-mini-high",24,"How is cost basis determined for capital gains, and what adjustments are commonly made?","The cost basis is generally the original purchase price plus any associated acquisition costs. Adjustments may include depreciation, stock splits, reinvested dividends, or return of capital. The adjusted basis is used to compute the gain or loss when the asset is sold."
"ChatGPT o3-mini-high",25,What are the implications of the passive activity loss rules for rental real estate investments?,Passive activity loss rules restrict the deduction of losses from rental and other passive activities against non-passive income. Losses that exceed the limit cannot be deducted in the current year but may be carried forward to offset future passive income or become deductible when the activity is sold.
"ChatGPT o3-mini-high",26,"How are self-employment taxes calculated, and what strategies can reduce their impact?",Self-employment taxes are calculated on net earnings at a combined rate of 15.3% (12.4% for Social Security and 2.9% for Medicare). Taxpayers can reduce the impact by deducting half of the self-employment tax as an adjustment to income and contributing to retirement plans that lower taxable income.
"ChatGPT o3-mini-high",27,What is the Qualified Business Income (QBI) deduction and what limitations apply?,"The QBI deduction allows eligible owners of pass-through entities to deduct up to 20% of their qualified business income. Limitations include income thresholds, restrictions for specified service trades or businesses, and additional requirements involving W-2 wages and the basis of qualified property."
"ChatGPT o3-mini-high",28,How does the tax treatment of cryptocurrency transactions differ from traditional investments?,"Cryptocurrencies are treated as property for tax purposes. This means that transactions such as sales or exchanges trigger capital gains or losses calculated based on the difference between the cost basis and the sale price. Taxpayers must keep detailed records, and special rules may apply for frequent trading or mining activities."
"ChatGPT o3-mini-high",29,"What are the tax implications of stock options, and how do ISOs differ from NSOs?","Incentive Stock Options (ISOs) can qualify for favorable tax treatment if holding requirements are met, potentially resulting in capital gains on sale. However, exercising ISOs may trigger the AMT. Non-Qualified Stock Options (NSOs) are taxed as ordinary income at the time of exercise, based on the difference between the exercise price and the fair market value."
"ChatGPT o3-mini-high",30,How does depreciation recapture affect the sale of depreciated property?,"When selling depreciated property, the portion of the gain attributable to depreciation deductions previously taken is ""recaptured"" and taxed as ordinary income rather than at the lower capital gains rate. This rule applies mainly to business or rental property and ensures that depreciation benefits are partially reversed."
"ChatGPT o3-mini-high",31,How does a Section 1031 like-kind exchange work and what are its limitations post-TCJA?,"A Section 1031 exchange allows taxpayers to defer capital gains tax on the sale of certain investment properties by reinvesting the proceeds in similar (like-kind) property. Post-TCJA, the exchange is limited to real property and must adhere to strict identification and timing rules to qualify for deferral."
"ChatGPT o3-mini-high",32,What are the tax implications of receiving foreign income and using the Foreign Tax Credit?,"U.S. taxpayers must report their worldwide income, including foreign income. The Foreign Tax Credit helps prevent double taxation by allowing a credit for taxes paid to a foreign government. The credit is limited to the proportion of U.S. tax attributable to foreign income, and any excess foreign taxes may be carried back or forward."
"ChatGPT o3-mini-high",33,How does the cancellation of debt (COD) income work and what is the insolvency exception?,"Generally, canceled debt is considered taxable income. However, if a taxpayer is insolvent—meaning their liabilities exceed their assets—they may exclude canceled debt from income up to the amount of insolvency. Proper documentation and filing of Form 982 are required to claim this exception."
"ChatGPT o3-mini-high",34,How do installment sales work for deferring gain on property sales?,"An installment sale allows the seller to spread the recognition of gain over the period in which the payments are received. Each installment includes a portion of the gain based on the gross profit ratio. This method can help spread out tax liability over several years, potentially lowering overall tax rates."
"ChatGPT o3-mini-high",35,What is the doctrine of economic substance and how does it affect tax planning?,"The economic substance doctrine requires that transactions have a substantial non-tax purpose beyond merely generating tax benefits. If a transaction is found to lack economic substance, the IRS may disregard it for tax purposes, which can lead to disallowed deductions or credits and potential penalties."
"ChatGPT o3-mini-high",36,"How do tax loss carryforwards and carrybacks work, and what limitations exist?",Tax loss carryforwards allow a taxpayer to apply a net operating loss (NOL) to offset taxable income in future years. Some losses may also be carried back to prior years for a refund. Limitations include percentage caps on how much of a loss can be used in a given year and expiration periods for carrying losses forward.
"ChatGPT o3-mini-high",37,"What are the tax implications of converting a business entity, such as from an LLC to an S corporation?","Converting a business entity can trigger tax consequences such as recognition of gain on appreciated assets, changes in self-employment tax treatment, and adjustments in the allocation of income and losses among owners. The conversion process must be planned carefully to minimize unintended tax liabilities."
"ChatGPT o3-mini-high",38,How does the treatment of charitable contributions differ when itemizing deductions versus taking the standard deduction?,"When itemizing, taxpayers can deduct qualified charitable contributions subject to AGI limits and documentation requirements. Those taking the standard deduction cannot separately deduct charitable contributions unless there is a special above-the-line provision available."
"ChatGPT o3-mini-high",39,"How are fringe benefits taxed, and what exceptions exist?","Fringe benefits are generally taxable to employees unless specifically excluded by law. Common exceptions include employer-provided health insurance, certain transportation benefits, and de minimis benefits (small perks with minimal value). The IRS provides specific valuation rules for various benefits."
"ChatGPT o3-mini-high",40,How does the tax treatment differ for nonresident aliens compared to U.S. residents?,"Nonresident aliens are typically taxed only on income that is effectively connected with a U.S. trade or business and on certain fixed, determinable, annual, or periodic (FDAP) U.S.-source income, often at a flat withholding rate. U.S. residents are taxed on their worldwide income and face different filing requirements and deductions."
Claude 3.7 Sonnet ,41,What is the difference between a tax credit and a tax deduction?,"A tax credit directly reduces your tax liability dollar-for-dollar. If you owe $1,000 in taxes and receive a $200 tax credit, your tax bill becomes $800. A tax deduction, on the other hand, reduces your taxable income. If you have a $1,000 deduction in the 22% tax bracket, it reduces your taxes by $220 (22% of $1,000). Credits are generally more valuable than deductions of the same amount."
Claude 3.7 Sonnet ,42,What is the standard deduction for 2024?,"For the 2024 tax year (filing in 2025), the standard deduction is $14,600 for single filers and married filing separately, $29,200 for married filing jointly, and $21,900 for heads of household. These amounts are adjusted annually for inflation."
Claude 3.7 Sonnet ,43,What is the difference between itemized deductions and the standard deduction?,"The standard deduction is a fixed amount that reduces your taxable income based on your filing status. Itemized deductions are specific expenses you can deduct, such as mortgage interest, charitable donations, medical expenses, and state and local taxes (up to certain limits). You should choose whichever method gives you the larger deduction."
Claude 3.7 Sonnet ,44,How long should I keep tax records?,"The IRS recommends keeping tax returns and supporting documents for at least 3 years after filing, as this is generally the statute of limitations for audits. However, if you underreport income by more than 25%, the IRS has 6 years to audit you. For employment tax records, keep them for at least 4 years. For property records, keep them until you dispose of the property plus 3-7 years."
Claude 3.7 Sonnet ,45,What is the capital gains tax rate?,"For 2024, long-term capital gains (assets held over one year) are taxed at 0% for incomes up to $47,025 (single) or $94,050 (married filing jointly), 15% for incomes up to $518,900 (single) or $583,750 (married filing jointly), and 20% for incomes above those thresholds. Short-term capital gains (assets held one year or less) are taxed as ordinary income."
Claude 3.7 Sonnet ,46,How do I calculate my tax bracket?,"Tax brackets are based on your taxable income (after deductions and adjustments). For 2024, there are seven federal income tax brackets: 10%, 12%, 22%, 24%, 32%, 35%, and 37%. Your taxable income falls into specific brackets, with higher rates applying only to the portion of income that exceeds each threshold, creating a progressive tax system."
Claude 3.7 Sonnet ,47,What is the deadline for filing taxes?,"For most individuals, federal income tax returns are due by April 15th each year. If April 15th falls on a weekend or holiday, the deadline shifts to the next business day. You can request a six-month extension using Form 4868, but this only extends the filing deadline—not the deadline for paying any taxes owed."
Claude 3.7 Sonnet ,48,What is the penalty for filing taxes late?,"The penalty for filing late is typically 5% of the unpaid taxes for each month or part of a month that the return is late, up to 25%. If you file more than 60 days late, the minimum penalty is $485 (for returns due in 2024) or 100% of your unpaid tax, whichever is smaller. There's also a separate penalty for paying late: 0.5% of unpaid taxes per month, up to 25%."
Claude 3.7 Sonnet ,49,What tax forms do I need to file?,"Most individuals use Form 1040 for federal income taxes. Additional schedules may be required depending on your situation: Schedule A for itemized deductions, Schedule B for interest and dividends, Schedule C for self-employment income, Schedule D for capital gains and losses, Schedule E for rental income, and Schedule SE for self-employment tax calculation."
Claude 3.7 Sonnet ,50,How do I check my tax refund status?,"You can check your federal tax refund status using the ""Where's My Refund?"" tool on the IRS website or the IRS2Go mobile app. You'll need your Social Security number, filing status, and exact refund amount. Most refunds are issued within 21 days of electronic filing, though some may take longer due to errors, identity verification, or certain tax credits claimed."
Claude 3.7 Sonnet ,51,What is the Earned Income Tax Credit (EITC)?,"The EITC is a refundable tax credit for low to moderate-income working individuals and couples, particularly those with children. For 2024, the maximum credit ranges from $600 (no qualifying children) to $7,430 (three or more qualifying children). Eligibility and credit amount depend on filing status, income, and number of qualifying children."
Claude 3.7 Sonnet ,52,Are unemployment benefits taxable?,"Yes, unemployment benefits are generally considered taxable income at the federal level. You should receive Form 1099-G showing the amount of unemployment compensation you received during the tax year. However, state taxation of unemployment benefits varies by state."
Claude 3.7 Sonnet ,53,How do I report cryptocurrency transactions on my taxes?,"Cryptocurrency transactions are reported on Schedule D and Form 8949. You must report any capital gains or losses from buying, selling, or exchanging cryptocurrency. Mining rewards and receiving crypto as payment for goods or services are typically reported as ordinary income. The IRS considers crypto as property for tax purposes, not currency."
Claude 3.7 Sonnet ,54,What is the Child Tax Credit?,"The Child Tax Credit for 2024 is worth up to $2,000 per qualifying child under age 17, with up to $1,600 being refundable (as the Additional Child Tax Credit). The credit begins to phase out for single filers with modified AGI above $200,000 and married filing jointly above $400,000."
Claude 3.7 Sonnet ,55,What is the tax treatment for Health Savings Accounts (HSAs)?,"HSAs offer triple tax advantages: contributions are tax-deductible, growth is tax-free, and withdrawals for qualified medical expenses are tax-free. For 2024, the contribution limit is $4,150 for individual coverage and $8,300 for family coverage, with an additional $1,000 catch-up contribution allowed for those 55 or older."
Claude 3.7 Sonnet ,56,How do 401(k) contributions affect my taxes?,"Traditional 401(k) contributions are made pre-tax, reducing your taxable income for the year. For example, if you earn $60,000 and contribute $6,000 to your 401(k), your taxable income becomes $54,000. The 2024 contribution limit is $23,000, with an additional $7,500 catch-up contribution allowed for those 50 or older. Roth 401(k) contributions are made after-tax but grow tax-free."
Claude 3.7 Sonnet ,57,What home expenses are tax deductible?,"For most homeowners, mortgage interest on up to $750,000 of acquisition debt (for homes purchased after Dec. 15, 2017) and property taxes (up to $10,000 combined with state and local income taxes) are deductible if you itemize. Home office expenses may be deductible for self-employed individuals using the exclusive area regularly for business."
Claude 3.7 Sonnet ,58,How are Social Security benefits taxed?,"Social Security benefits may be partially taxable depending on your ""combined income"" (adjusted gross income + nontaxable interest + half of your Social Security benefits). For individuals with combined income between $25,000 and $34,000, up to 50% of benefits may be taxable. Above $34,000, up to 85% may be taxable. For married filing jointly, the thresholds are $32,000 and $44,000."
Claude 3.7 Sonnet ,59,What is the Gift Tax exclusion amount?,"For 2024, you can give up to $18,000 per recipient per year without filing a gift tax return or counting against your lifetime estate and gift tax exemption. Married couples can split gifts, allowing up to $36,000 per recipient annually. Payments made directly to educational institutions or medical providers are exempt from gift tax regardless of amount."
Claude 3.7 Sonnet ,60,How do I handle taxes for a side gig or freelance work?,"Income from side gigs or freelance work is reported on Schedule C. You're responsible for paying self-employment tax (15.3% for Social Security and Medicare) on net earnings over $400, reported on Schedule SE. You may need to make quarterly estimated tax payments using Form 1040-ES if you expect to owe $1,000 or more in taxes. Keep detailed records of business expenses for potential deductions."
Claude 3.7 Sonnet ,61,What education expenses are tax deductible or eligible for credits?,"The American Opportunity Credit provides up to $2,500 per eligible student for the first four years of higher education. The Lifetime Learning Credit offers up to $2,000 per tax return for undergraduate, graduate, or professional courses. Student loan interest (up to $2,500) may be deductible. Qualified tuition and related expenses may be deductible under the Tuition and Fees Deduction."
Claude 3.7 Sonnet ,62,How does marriage affect taxes?,"Marriage can create a ""marriage bonus"" or ""marriage penalty"" depending on your incomes. When spouses have similar incomes, especially if both are high earners, they may pay more tax filing jointly than they would as singles (""marriage penalty""). When incomes are disparate, joint filing often results in lower taxes (""marriage bonus""). Marriage affects tax brackets, standard deduction, and various credits and deductions."
Claude 3.7 Sonnet ,63,What is the Alternative Minimum Tax (AMT)?,"The AMT is a parallel tax system designed to ensure that taxpayers with substantial income don't avoid paying taxes through deductions and credits. It has its own set of rules for calculating taxable income with fewer available deductions. You calculate tax under both regular and AMT systems and pay the higher amount. The AMT exemption for 2024 is $85,700 for singles and $133,300 for married filing jointly."
Claude 3.7 Sonnet ,64,How are dividends taxed?,"Qualified dividends are taxed at the same preferential rates as long-term capital gains (0%, 15%, or 20%, depending on your income). Non-qualified dividends are taxed as ordinary income. Dividends from most U.S. corporations and certain foreign corporations are generally qualified if you've held the stock for more than 60 days during the 121-day period beginning 60 days before the ex-dividend date."
Claude 3.7 Sonnet ,65,What are the tax implications of working remotely in a different state?,"Working remotely across state lines can create multi-state tax obligations. You may owe income tax to both your state of residence and the state where your employer is located, though tax credits typically prevent double taxation. Some states have ""convenience of employer"" rules that tax nonresident telecommuters. During COVID-19, some states implemented temporary relief provisions."
Claude 3.7 Sonnet ,66,What charitable donations are tax deductible?,"Donations to qualified tax-exempt organizations (churches, nonprofit educational organizations, etc.) are deductible if you itemize. For cash donations, you can deduct up to 60% of your adjusted gross income (AGI). For property donations, the limit is typically 30% of AGI. Always get a receipt for donations of $250 or more, and special forms may be required for donations over $500."
Claude 3.7 Sonnet ,67,How do I claim a home office deduction?,"Self-employed individuals can claim home office deductions using either the regular method (calculating actual expenses) or simplified method ($5 per square foot, up to 300 square feet). The space must be used regularly and exclusively for business. W-2 employees generally cannot claim home office deductions for tax years 2018-2025 due to the suspension of the miscellaneous itemized deductions."
Claude 3.7 Sonnet ,68,What is depreciation recapture?,"Depreciation recapture occurs when you sell a depreciable asset (like rental property) for more than its depreciated value. The portion of your gain attributable to depreciation is taxed as ordinary income, up to 25%, rather than at capital gains rates. This prevents taxpayers from claiming ordinary deductions while receiving the benefit of lower capital gains rates on sale."
Claude 3.7 Sonnet ,69,How do I report rental income and expenses?,"Rental income and expenses are reported on Schedule E. Deductible expenses include mortgage interest, property taxes, insurance, maintenance, utilities, management fees, and depreciation of the property. Rental losses may be deductible up to $25,000 against other income if your modified AGI is less than $100,000 and you actively participate in the rental activity."
Claude 3.7 Sonnet ,70,What is the Net Investment Income Tax (NIIT)?,"The NIIT is a 3.8% tax on net investment income (interest, dividends, capital gains, rental income, royalties, etc.) that applies to individuals with modified adjusted gross income exceeding $200,000 (single) or $250,000 (married filing jointly). It's calculated on the lesser of your net investment income or the amount by which your MAGI exceeds the threshold."
Claude 3.7 Sonnet ,71,How are retirement account withdrawals taxed?,"Traditional IRA and 401(k) withdrawals are generally taxed as ordinary income. Roth IRA qualified distributions (after age 59½ and account open for 5+ years) are tax-free. Early withdrawals (before age 59½) may incur a 10% penalty in addition to regular income tax, though exceptions exist. Required Minimum Distributions (RMDs) must begin at age 73 (as of 2024) for traditional accounts."
Claude 3.7 Sonnet ,72,What is the tax treatment for stock options?,"For Non-Qualified Stock Options (NQSOs), you pay ordinary income tax on the difference between the grant price and exercise price when you exercise the option. For Incentive Stock Options (ISOs), you generally don't pay tax upon exercise, but the difference may trigger Alternative Minimum Tax. When you sell the stock, you'll pay capital gains tax on any additional appreciation."
Claude 3.7 Sonnet ,73,How do I deduct medical expenses?,"Medical expenses exceeding 7.5% of your adjusted gross income are deductible if you itemize. Eligible expenses include costs for diagnosis, treatment, prevention, insurance premiums (if not pre-tax), prescription drugs, and certain long-term care expenses. Cosmetic procedures, non-prescription drugs, and general health products typically don't qualify."
Claude 3.7 Sonnet ,74,What is the Saver's Credit?,"The Saver's Credit (officially the Retirement Savings Contributions Credit) provides a tax credit of up to $1,000 ($2,000 for married filing jointly) for low and moderate-income taxpayers who contribute to retirement accounts. For 2024, the credit phases out for single filers with AGI above $24,000 and married filing jointly above $48,000. The credit amount is 10%, 20%, or 50% of contributions, depending on income."
Claude 3.7 Sonnet ,75,How do I report stock sales on my tax return?,"Stock sales are reported on Schedule D and Form 8949. Your broker should provide Form 1099-B with details of your transactions. You'll need to report the sale date, purchase date, cost basis, sale proceeds, and gain or loss. Holding periods determine whether gains are short-term (ordinary income rates) or long-term (preferential capital gains rates)."
Claude 3.7 Sonnet ,76,What is the Foreign Tax Credit?,"The Foreign Tax Credit helps U.S. taxpayers avoid double taxation on foreign-source income by providing a credit for foreign taxes paid. You can either take a deduction for foreign taxes paid (on Schedule A) or a credit (using Form 1116, though Form 1040 filers with only passive foreign income may qualify for a simplified procedure). The credit is generally more beneficial than the deduction."
Claude 3.7 Sonnet ,77,What are the tax implications of cancellation of debt?,"Cancelled debt is generally considered taxable income. If a creditor forgives or cancels $600 or more of debt, they'll issue Form 1099-C. However, exceptions exist for certain bankruptcy cases, insolvency, qualified principal residence indebtedness, qualified farm debt, and certain student loans. The tax treatment depends on your specific circumstances and the type of debt."
Claude 3.7 Sonnet ,78,How do I report gambling winnings and losses?,"All gambling winnings are reportable as ""Other Income"" on Form 1040. Casinos and other payers may provide Form W-2G for certain winnings. Gambling losses are deductible only if you itemize deductions and only up to the amount of your winnings. Keep detailed records of both winnings and losses, including dates, locations, types of gambling, and amounts won or lost."
Claude 3.7 Sonnet ,79,What is the tax treatment for Health Flexible Spending Arrangements (FSAs)?,"Health FSA contributions are made pre-tax through employer plans, reducing your taxable income. For 2024, the contribution limit is $3,200. Unlike HSAs, FSAs generally follow a ""use it or lose it"" rule, though employers may offer either a grace period of up to 2.5 months or allow carrying over up to $640 to the next year. Withdrawals for qualified medical expenses are tax-free."
Claude 3.7 Sonnet ,80,How are inherited assets taxed?,"Inherited assets generally receive a ""step-up"" in basis to their fair market value on the date of the original owner's death, eliminating capital gains tax on appreciation that occurred during the deceased's lifetime. When you eventually sell the asset, you'll only pay capital gains tax on appreciation since inheritance. Some inherited retirement accounts have specific required distribution rules that affect taxation."
Llama 3.1-405B,81,What is the deadline for filing individual tax returns?,"The deadline for filing individual tax returns is April 15th of each year, unless an extension is filed using Form 4868, which grants an automatic six-month extension to October 15th."
Llama 3.1-405B,82,What is the standard deduction for single filers?,"The standard deduction for single filers is $13,850 for tax year 2023. This amount is adjusted annually for inflation."
Llama 3.1-405B,83,What is the standard deduction for married couples filing jointly?,"The standard deduction for married couples filing jointly is $27,700 for tax year 2023. This amount is also adjusted annually for inflation."
Llama 3.1-405B,84,What is the tax rate for long-term capital gains?,"Long-term capital gains are taxed at 0%, 15%, or 20% depending on income level. For tax year 2023, the 0% rate applies to taxable income up to $44,625 for single filers and $89,250 for joint filers. The 15% rate applies to taxable income between $44,626 and $492,300 for single filers and $89,251 and $553,850 for joint filers. The 20% rate applies to taxable income above $492,300 for single filers and $553,850 for joint filers."
Llama 3.1-405B,85,Can I deduct mortgage interest on my tax return?,"Yes, you can deduct mortgage interest on your primary residence and/or second home, up to a total of $750,000 ($375,000 for married filing separately). You must itemize deductions on Schedule A to claim this deduction."
Llama 3.1-405B,86,What is the earned income tax credit (EITC)?,"The EITC is a refundable tax credit for low-income working individuals and families. For tax year 2023, the credit ranges from $538 to $6,728 depending on income level, filing status, and number of qualifying children."
Llama 3.1-405B,87,Can I claim a dependent on my tax return?,"Yes, you can claim a dependent on your tax return if they meet certain tests, such as the qualifying child or qualifying relative test. You may be eligible for the dependent exemption, child tax credit, or other benefits."
Llama 3.1-405B,88,What is the child tax credit?,"The child tax credit is a non-refundable tax credit of up to $2,000 per child under age 17. The credit begins to phase out at $400,000 for joint filers and $200,000 for single filers."
Llama 3.1-405B,89,Do I need to file a tax return if I'm self-employed?,"Yes, you need to file a tax return if your net earnings from self-employment are $400 or more. You'll report your business income and expenses on Schedule C and pay self-employment tax on your net earnings."
Llama 3.1-405B,90,What is the self-employment tax rate?,The self-employment tax rate is 15.3% of net earnings from self-employment. This includes 12.4% for Social Security and 2.9% for Medicare. You'll report self-employment tax on Schedule SE.
Llama 3.1-405B,91,Can I deduct business expenses on my tax return?,"Yes, you can deduct business expenses on your tax return if you're self-employed or have a side hustle. You'll report business expenses on Schedule C and may need to complete additional forms, such as Form 8829 for the home office deduction."
Llama 3.1-405B,92,What is the home office deduction?,"The home office deduction allows you to deduct a portion of your rent or mortgage interest and utilities if you use a dedicated space for business. You can use the simplified option, which allows a deduction of $5 per square foot of home office space, up to a maximum of $1,500."
Llama 3.1-405B,93,Can I deduct charitable donations on my tax return?,"Yes, you can deduct charitable donations on your tax return if you itemize deductions on Schedule A. You'll need to keep receipts or bank records to substantiate your donations."
Llama 3.1-405B,94,What is the limit on state and local tax (SALT) deductions?,"The limit on SALT deductions is $10,000 ($5,000 for married filing separately). This includes state income taxes, local property taxes, and other taxes."
Llama 3.1-405B,95,Can I deduct medical expenses on my tax return?,"Yes, you can deduct medical expenses on your tax return if you itemize deductions on Schedule A. You can deduct expenses that exceed 10% of your adjusted gross income (AGI)."
Llama 3.1-405B,96,What is the alternative minimum tax (AMT)?,The AMT is a separate tax calculation that ensures a minimum amount of tax is paid. You'll complete Form 6251 to determine if you owe AMT.
Llama 3.1-405B,97,Can I claim a deduction for education expenses?,"Yes, you can claim a deduction for education expenses if you're pursuing higher education and meet certain requirements. You may be eligible for the American Opportunity Tax Credit or the Lifetime Learning Credit."
Llama 3.1-405B,98,What is the student loan interest deduction?,"The student loan interest deduction allows you to deduct up to $2,500 of interest paid on student loans. This deduction is subject to income limits and is claimed on Form 1040."
Llama 3.1-405B,99,Can I deduct moving expenses on my tax return?,"Yes, you can deduct moving expenses on your tax return if you're moving for a job or business and meet certain requirements. You'll complete Form 3903 to claim this deduction."
Llama 3.1-405B,100,What is the tax rate for short-term capital gains?,"Short-term capital gains are taxed as ordinary income, using the same tax rates as your regular income."
Llama 3.1-405B,101,Can I deduct property taxes on my tax return?,"Yes, you can deduct property taxes on your primary residence and/or second home, up to a total of $10,000 ($5,000 for married filing separately). You must itemize deductions on Schedule A to claim this deduction."
Llama 3.1-405B,102,What is the qualified business income (QBI) deduction?,"The QBI deduction allows you to deduct up to 20% of qualified business income from a partnership, S corporation, or sole proprietorship. This deduction is subject to income limits and is claimed on Form 1040."
Llama 3.1-405B,103,Can I deduct retirement contributions on my tax return?,"Yes, you can deduct contributions to a traditional IRA or 401(k) on your tax return. These contributions may be subject to income limits and are claimed on Form 1040."
Llama 3.1-405B,104,What is the required minimum distribution (RMD) age?,"The RMD age is 72 years old, unless you're still working for an employer sponsoring a retirement plan. You'll need to take RMDs from traditional IRAs and 401(k)s."
Llama 3.1-405B,105,Can I deduct alimony payments on my tax return?,"Yes, you can deduct alimony payments on your tax return if you're the payer and meet certain requirements. This deduction is claimed on Form 1040."
Llama 3.1-405B,106,What is the tax rate for dividends?,"Dividends are taxed at 0%, 15%, or 20% depending on income level. For tax year 2023, the 0% rate applies to taxable income up to $44,625 for single filers and $89,250 for joint filers. The 15% rate applies to taxable income between $44,626 and $492,300 for single filers and $89,251 and $553,850 for joint filers. The 20% rate applies to taxable income above $492,300 for single filers and $553,850 for joint filers."
Llama 3.1-405B,107,Can I deduct business use of my car on my tax return?,"Yes, you can deduct business use of your car on your tax return if you're self-employed or have a side hustle. You can use the standard mileage rate or actual expenses."
Llama 3.1-405B,108,What is the standard mileage rate for business use?,The standard mileage rate for business use is 58.5 cents per mile for tax year 2023. You can also deduct tolls and parking fees.
Llama 3.1-405B,109,Can I deduct home improvements on my tax return?,"Yes, you can deduct home improvements on your tax return if they're medically necessary or increase the value of your home. You'll need to keep receipts and records to substantiate your expenses."
Llama 3.1-405B,110,What is the tax credit for child and dependent care?,"The tax credit for child and dependent care is a non-refundable tax credit of up to $3,000 for one child or $6,000 for two or more. This credit is claimed on Form 2441."
Llama 3.1-405B,111,Can I deduct state taxes on my tax return?,"Yes, you can deduct state taxes on your tax return if you itemize deductions on Schedule A. This includes state income taxes, local property taxes, and other taxes."
Llama 3.1-405B,112,What is the tax rate for interest income?,"Interest income is taxed as ordinary income, using the same tax rates as your regular income."
Llama 3.1-405B,113,Can I deduct investment expenses on my tax return?,"Yes, you can deduct investment expenses on your tax return if you itemize deductions on Schedule A. This includes fees for investment advice, management, and other expenses."
Llama 3.1-405B,114,What is the tax credit for education expenses?,"The tax credit for education expenses is a non-refundable credit of up to $2,500 for qualified expenses. It includes the American Opportunity Tax Credit (AOTC), which covers 100% of the first $2,000 and 25% of the next $2,000, and the Lifetime Learning Credit (LLC), which covers 20% of up to $10,000. Income limits apply, and you can claim only one credit per student per year. To claim the credit, complete Form 8863."
Llama 3.1-405B,115,Can I deduct business travel expenses on my tax return?,"Yes, you can deduct business travel expenses on your tax return if you're self-employed or have a side hustle. You'll need to keep receipts and records to substantiate your expenses."
Llama 3.1-405B,116,What is the per diem rate for business travel?,"The per diem rate for business travel varies by location, but $60 per day for meals and incidentals is a common rate. You can use the IRS's per diem rates or actual expenses."
Llama 3.1-405B,117,Can I deduct business entertainment expenses on my tax return?,"Yes, you can deduct business entertainment expenses on your tax return if you're self-employed or have a side hustle. However, only 50% of these expenses are deductible."
Llama 3.1-405B,118,What is the tax rate for capital gains on collectibles?,"Capital gains on collectibles, such as art, coins, or stamps, are taxed at a rate of 28%."
Llama 3.1-405B,119,Can I deduct business liability insurance premiums on my tax return?,"Yes, you can deduct business liability insurance premiums on your tax return if you're self-employed or have a side hustle. This includes premiums for professional liability, business liability, and other types of insurance."
Llama 3.1-405B,120,What is the tax credit for retirement savings contributions?,"The tax credit for retirement savings contributions is a non-refundable tax credit of up to $2,000 for single filers and $4,000 for joint filers. This credit is claimed on Form 8880."